file_name,P,acc
Coffee,0,0.7857142857142857
Coffee,0.5,0.7857142857142857
Coffee,1,0.7857142857142857
Coffee,1.5,0.7857142857142857
Coffee,2,0.5357142857142857
50words,0,0.701098901098901
